review,label
This product is absolutely fantastic!,Good
"Terrible quality, broke after one use.",Bad
Love the design and fast shipping!,Good
"Not worth the price, very disappointed.",Bad
Best purchase I’ve made this year!,Good
"The service was awful, never again.",Bad
Super happy with this item!,Good
Complete waste of money.,Bad
Amazing value for the price!,Good
"Shipping took forever, very upset.",Good
I’m thrilled with this product!,Bad
"Poor customer support, frustrating.",Bad
Highly recommend this to everyone!,Good
"Defective item, had to return it.",Good
Really impressed with the quality!,Good
Didn’t meet my expectations at all.,Good
"Perfect product, works great!",Good
"Horrible experience, avoid this.",Bad
"Fantastic deal, exceeded expectations!",Good
The worst thing I’ve ever bought.,Bad
Quick delivery and great product!,Good
"Cheaply made, fell apart quickly.",Bad
Couldn’t be happier with this!,Good
"Terrible, stopped working in a day.",Bad
"Five stars, love it so much!",Good
"Disappointing purchase, regret it.",Bad
"Great features, very satisfied!",Good
"Bad packaging, arrived damaged.",Bad
"Wonderful product, highly recommend!",Good
"Not as described, total letdown.",Bad
"Excellent quality, worth every penny!",Good
"Absolute garbage, don’t buy this.",Bad
Really enjoy using this product!,Good
"Subpar performance, very unhappy.",Good
"Top-notch item, super pleased!",Good
Rude staff and slow service.,Bad
Best thing I’ve bought in ages!,Good
"Flimsy and overpriced, avoid.",Bad
Love how well this works!,Good
"Broken on arrival, terrible.",Bad
"Outstanding product, great buy!",Good
"Mediocre at best, not impressed.",Good
"Superb quality, very happy!",Good
"Unreliable, stopped working fast.",Bad
Amazing experience with this!,Good
"Very poor design, waste of time.",Bad
"Incredible value, love it!",Good
"Disaster of a product, awful.",Bad
"Really great item, recommend it!",Good
"Hated this, complete junk.",Bad
